﻿{"countries":[{"CountryName":"India","CountrySk":"1"},{"CountryName":"Afghanistan","CountrySk":"2"},{"CountryName":"Albania","CountrySk":"3"},{"CountryName":"Algeria","CountrySk":"4"},{"CountryName":"American Samoa","CountrySk":"5"},{"CountryName":"Andorra","CountrySk":"6"},{"CountryName":"Angola","CountrySk":"7"},{"CountryName":"Anguilla","CountrySk":"8"},{"CountryName":"Antarctica","CountrySk":"9"},{"CountryName":"Antigua and Barbuda","CountrySk":"10"},{"CountryName":"Argentina","CountrySk":"11"},{"CountryName":"Armenia","CountrySk":"12"},{"CountryName":"Aruba","CountrySk":"13"},{"CountryName":"Australia","CountrySk":"14"},{"CountryName":"Austria","CountrySk":"15"},{"CountryName":"Azerbaijan","CountrySk":"16"},{"CountryName":"Bahamas","CountrySk":"17"},{"CountryName":"Bahrain","CountrySk":"18"},{"CountryName":"Bangladesh","CountrySk":"19"},{"CountryName":"Barbados","CountrySk":"20"},{"CountryName":"Belarus","CountrySk":"21"},{"CountryName":"Belgium","CountrySk":"22"},{"CountryName":"Belize","CountrySk":"23"},{"CountryName":"Benin","CountrySk":"24"},{"CountryName":"Bermuda","CountrySk":"25"},{"CountryName":"Bhutan","CountrySk":"26"},{"CountryName":"Bolivia","CountrySk":"27"},{"CountryName":"Bosnia and Herzegovina","CountrySk":"28"},{"CountryName":"Botswana","CountrySk":"29"},{"CountryName":"Bouvet Island","CountrySk":"30"},{"CountryName":"Brazil","CountrySk":"31"},{"CountryName":"British Indian Ocean Territory","CountrySk":"32"},{"CountryName":"British Virgin Islands","CountrySk":"33"},{"CountryName":"Brunei","CountrySk":"34"},{"CountryName":"Bulgaria","CountrySk":"35"},{"CountryName":"Burkina Faso","CountrySk":"36"},{"CountryName":"Burma","CountrySk":"37"},{"CountryName":"Burundi","CountrySk":"38"},{"CountryName":"Cambodia","CountrySk":"39"},{"CountryName":"Cameroon","CountrySk":"40"},{"CountryName":"Canada","CountrySk":"41"},{"CountryName":"Cape Verde","CountrySk":"42"},{"CountryName":"Cayman Islands","CountrySk":"43"},{"CountryName":"Central African Republic","CountrySk":"44"},{"CountryName":"Chad","CountrySk":"45"},{"CountryName":"Chile","CountrySk":"46"},{"CountryName":"China","CountrySk":"47"},{"CountryName":"Christmas Island","CountrySk":"48"},{"CountryName":"Cocos Islands","CountrySk":"49"},{"CountryName":"Colombia","CountrySk":"50"},{"CountryName":"Comoros","CountrySk":"51"},{"CountryName":"Democratic Republic of Congo","CountrySk":"52"},{"CountryName":"Republic of Congo","CountrySk":"53"},{"CountryName":"Cook Islands","CountrySk":"54"},{"CountryName":"Costa Rica","CountrySk":"55"},{"CountryName":"Croatia","CountrySk":"56"},{"CountryName":"Cuba","CountrySk":"57"},{"CountryName":"Cyprus","CountrySk":"58"},{"CountryName":"Czech Republic","CountrySk":"59"},{"CountryName":"Cote dIvoire","CountrySk":"60"},{"CountryName":"Denmark","CountrySk":"61"},{"CountryName":"Djibouti","CountrySk":"62"},{"CountryName":"Dominican Republic","CountrySk":"63"},{"CountryName":"Ecuador","CountrySk":"64"},{"CountryName":"Egypt","CountrySk":"65"},{"CountryName":"El Salvador","CountrySk":"66"},{"CountryName":"Equatorial Guinea","CountrySk":"67"},{"CountryName":"Eritrea","CountrySk":"68"},{"CountryName":"Estonia","CountrySk":"69"},{"CountryName":"Ethiopia","CountrySk":"70"},{"CountryName":"Falkland Islands","CountrySk":"71"},{"CountryName":"Faroe Islands","CountrySk":"72"},{"CountryName":"Fiji","CountrySk":"73"},{"CountryName":"Finland","CountrySk":"74"},{"CountryName":"France","CountrySk":"75"},{"CountryName":"French Guiana","CountrySk":"76"},{"CountryName":"French Polynesia","CountrySk":"77"},{"CountryName":"French Southern and Antarctic Lands","CountrySk":"78"},{"CountryName":"Gabon","CountrySk":"79"},{"CountryName":"Gambia","CountrySk":"80"},{"CountryName":"Georgia","CountrySk":"81"},{"CountryName":"Germany","CountrySk":"82"},{"CountryName":"Ghana","CountrySk":"83"},{"CountryName":"Gibraltar","CountrySk":"84"},{"CountryName":"Greece","CountrySk":"85"},{"CountryName":"Greenland","CountrySk":"86"},{"CountryName":"Grenada","CountrySk":"87"},{"CountryName":"Guadeloupe","CountrySk":"88"},{"CountryName":"Guam","CountrySk":"89"},{"CountryName":"Guatemala","CountrySk":"90"},{"CountryName":"Guernsey","CountrySk":"91"},{"CountryName":"Guinea","CountrySk":"92"},{"CountryName":"Guyana","CountrySk":"93"},{"CountryName":"Haiti","CountrySk":"94"},{"CountryName":"Heard Island and McDonald Islands","CountrySk":"95"},{"CountryName":"Holy See","CountrySk":"96"},{"CountryName":"Honduras","CountrySk":"97"},{"CountryName":"Hong Kong","CountrySk":"98"},{"CountryName":"Hungary","CountrySk":"99"},{"CountryName":"Iceland","CountrySk":"100"},{"CountryName":"Indonesia","CountrySk":"101"},{"CountryName":"Iran","CountrySk":"102"},{"CountryName":"Iraq","CountrySk":"103"},{"CountryName":"Ireland","CountrySk":"104"},{"CountryName":"Israel","CountrySk":"105"},{"CountryName":"Italy","CountrySk":"106"},{"CountryName":"Jamaica","CountrySk":"107"},{"CountryName":"Japan","CountrySk":"108"},{"CountryName":"Jersey","CountrySk":"109"},{"CountryName":"Jordan","CountrySk":"110"},{"CountryName":"Kazakhstan","CountrySk":"111"},{"CountryName":"Kenya","CountrySk":"112"},{"CountryName":"Kiribati","CountrySk":"113"},{"CountryName":"North Korea","CountrySk":"114"},{"CountryName":"South Korea","CountrySk":"115"},{"CountryName":"Kuwait","CountrySk":"116"},{"CountryName":"Kyrgyzstan","CountrySk":"117"},{"CountryName":"Laos","CountrySk":"118"},{"CountryName":"Latvia","CountrySk":"119"},{"CountryName":"Lebanon","CountrySk":"120"},{"CountryName":"Lesotho","CountrySk":"121"},{"CountryName":"Liberia","CountrySk":"122"},{"CountryName":"Libya","CountrySk":"123"},{"CountryName":"Liechtenstein","CountrySk":"124"},{"CountryName":"Lithuania","CountrySk":"125"},{"CountryName":"Luxembourg","CountrySk":"126"},{"CountryName":"Macau","CountrySk":"127"},{"CountryName":"Macedonia","CountrySk":"128"},{"CountryName":"Madagascar","CountrySk":"129"},{"CountryName":"Malawi","CountrySk":"130"},{"CountryName":"Malaysia","CountrySk":"131"},{"CountryName":"Maldives","CountrySk":"132"},{"CountryName":"Mali","CountrySk":"133"},{"CountryName":"Malta","CountrySk":"134"},{"CountryName":"Marshall Islands","CountrySk":"135"},{"CountryName":"Martinique","CountrySk":"136"},{"CountryName":"Mauritania","CountrySk":"137"},{"CountryName":"Mauritius","CountrySk":"138"},{"CountryName":"Mayotte","CountrySk":"139"},{"CountryName":"Mexico","CountrySk":"140"},{"CountryName":"Micronesia","CountrySk":"141"},{"CountryName":"Moldova","CountrySk":"142"},{"CountryName":"Monaco","CountrySk":"143"},{"CountryName":"Mongolia","CountrySk":"144"},{"CountryName":"Montserrat","CountrySk":"145"},{"CountryName":"Morocco","CountrySk":"146"},{"CountryName":"Mozambique","CountrySk":"147"},{"CountryName":"Namibia","CountrySk":"148"},{"CountryName":"Nauru","CountrySk":"149"},{"CountryName":"Nepal","CountrySk":"150"},{"CountryName":"Netherlands","CountrySk":"151"},{"CountryName":"Netherlands Antilles","CountrySk":"152"},{"CountryName":"New Caledonia","CountrySk":"153"},{"CountryName":"New Zealand","CountrySk":"154"},{"CountryName":"Nicaragua","CountrySk":"155"},{"CountryName":"Niger","CountrySk":"156"},{"CountryName":"Nigeria","CountrySk":"157"},{"CountryName":"Niue","CountrySk":"158"},{"CountryName":"Norfolk Island","CountrySk":"159"},{"CountryName":"Northern Mariana Islands","CountrySk":"160"},{"CountryName":"Norway","CountrySk":"161"},{"CountryName":"Oman","CountrySk":"162"},{"CountryName":"Pakistan","CountrySk":"163"},{"CountryName":"Palau","CountrySk":"164"},{"CountryName":"Panama","CountrySk":"165"},{"CountryName":"Papua New Guinea","CountrySk":"166"},{"CountryName":"Paraguay","CountrySk":"167"},{"CountryName":"Peru","CountrySk":"168"},{"CountryName":"Philippines","CountrySk":"169"},{"CountryName":"Pitcairn Islands","CountrySk":"170"},{"CountryName":"Poland","CountrySk":"171"},{"CountryName":"Portugal","CountrySk":"172"},{"CountryName":"Puerto Rico","CountrySk":"173"},{"CountryName":"Qatar","CountrySk":"174"},{"CountryName":"Romania","CountrySk":"175"},{"CountryName":"Russia","CountrySk":"176"},{"CountryName":"Rwanda","CountrySk":"177"},{"CountryName":"Reunion","CountrySk":"178"},{"CountryName":"Saint Barthelemy","CountrySk":"179"},{"CountryName":"Saint Helena","CountrySk":"180"},{"CountryName":"Saint Kitts and Nevis","CountrySk":"181"},{"CountryName":"Saint Lucia","CountrySk":"182"},{"CountryName":"Saint Martin","CountrySk":"183"},{"CountryName":"Saint Pierre and Miquelon","CountrySk":"184"},{"CountryName":"Saint Vincent and the Grenadines","CountrySk":"185"},{"CountryName":"Samoa","CountrySk":"186"},{"CountryName":"San Marino","CountrySk":"187"},{"CountryName":"Saudi Arabia","CountrySk":"188"},{"CountryName":"Senegal","CountrySk":"189"},{"CountryName":"Serbia","CountrySk":"190"},{"CountryName":"Seychelles","CountrySk":"191"},{"CountryName":"Sierra Leone","CountrySk":"192"},{"CountryName":"Singapore","CountrySk":"193"},{"CountryName":"Slovakia","CountrySk":"194"},{"CountryName":"Slovenia","CountrySk":"195"},{"CountryName":"Solomon Islands","CountrySk":"196"},{"CountryName":"Somalia","CountrySk":"197"},{"CountryName":"South Africa","CountrySk":"198"},{"CountryName":"South Georgia and the South Sandwich Islands","CountrySk":"199"},{"CountryName":"Spain","CountrySk":"200"},{"CountryName":"Sri Lanka","CountrySk":"201"},{"CountryName":"Sudan","CountrySk":"202"},{"CountryName":"Suriname","CountrySk":"203"},{"CountryName":"Svalbard","CountrySk":"204"},{"CountryName":"Swaziland","CountrySk":"205"},{"CountryName":"Sweden","CountrySk":"206"},{"CountryName":"Switzerland","CountrySk":"207"},{"CountryName":"Syria","CountrySk":"208"},{"CountryName":"Sao Tome","CountrySk":"209"},{"CountryName":"Taiwan","CountrySk":"210"},{"CountryName":"Tajikistan","CountrySk":"211"},{"CountryName":"Tanzania","CountrySk":"212"},{"CountryName":"Thailand","CountrySk":"213"},{"CountryName":"Togo","CountrySk":"214"},{"CountryName":"Tokelau","CountrySk":"215"},{"CountryName":"Tonga","CountrySk":"216"},{"CountryName":"Trinidad and Tobago","CountrySk":"217"},{"CountryName":"Tunisia","CountrySk":"218"},{"CountryName":"Turkey","CountrySk":"219"},{"CountryName":"Turkmenistan","CountrySk":"220"},{"CountryName":"Turks and Caicos Islands","CountrySk":"221"},{"CountryName":"Tuvalu","CountrySk":"222"},{"CountryName":"Uganda","CountrySk":"223"},{"CountryName":"Ukraine","CountrySk":"224"},{"CountryName":"United Arab Emirates","CountrySk":"225"},{"CountryName":"United Kingdom","CountrySk":"226"},{"CountryName":"United States of America","CountrySk":"227"},{"CountryName":"Uruguay","CountrySk":"228"},{"CountryName":"Uzbekistan","CountrySk":"229"},{"CountryName":"Vanuatu","CountrySk":"230"},{"CountryName":"Venezuela","CountrySk":"231"},{"CountryName":"Vietnam","CountrySk":"232"},{"CountryName":"U.S Virgin Islands","CountrySk":"233"},{"CountryName":"Wallis and Futuna","CountrySk":"234"},{"CountryName":"Western Sahara","CountrySk":"235"},{"CountryName":"Yemen","CountrySk":"236"},{"CountryName":"Zambia","CountrySk":"237"},{"CountryName":"Zimbabwe","CountrySk":"238"},{"CountryName":"Kosovo","CountrySk":"239"},{"CountryName":"Myanmar","CountrySk":"240"},{"CountryName":"Montenegro","CountrySk":"241"},{"CountryName":"East Timor","CountrySk":"242"},{"CountryName":"Macao","CountrySk":"243"},{"CountryName":"Ethopia","CountrySk":"244"},{"CountryName":"Madgascar","CountrySk":"245"},{"CountryName":"Palestine","CountrySk":"246"},{"CountryName":"West Indies","CountrySk":"247"},{"CountryName":"Sao Tome and Principe","CountrySk":"248"}]}