{
  "images" : [
    {
      "idiom" : "universal",
      "filename" : "sunset-outlined-weather-symbol-of-the-sun-on-the-horizon-line.png",
      "scale" : "1x"
    },
    {
      "idiom" : "universal",
      "filename" : "sunset-outlined-weather-symbol-of-the-sun-on-the-horizon-line (1).png",
      "scale" : "2x"
    },
    {
      "idiom" : "universal",
      "filename" : "sunset-outlined-weather-symbol-of-the-sun-on-the-horizon-line (2).png",
      "scale" : "3x"
    }
  ],
  "info" : {
    "version" : 1,
    "author" : "xcode"
  }
}